D:\Users\Administrator\AppData\Local\Programs\Python35\Python35\python.exe E:/study/ATM/core/core.py
pelase input your name:alex
please input your password:alex123
1 �鿴�û���Ϣ
2 ȡ��
3 ����
4 ת��
5 ����
6 �鿴���ﳵ
7 �鿴�ʵ���Ϣ
8 �û��˳���¼
����Ҫ����������:1
alex
+--------+----------------+--------+----------+------------+
| �û�ID | �û����Ƿ���� | �û��� | �û���� | �û���¼̬ |
+--------+----------------+--------+----------+------------+
| 1      | True           |  alex  | 50000.0  |    True    |
+--------+----------------+--------+----------+------------+
1 �鿴�û���Ϣ
2 ȡ��
3 ����
4 ת��
5 ����
6 �鿴���ﳵ
7 �鿴�ʵ���Ϣ
8 �û��˳���¼
����Ҫ����������:2
Please input you want to withdraw: 5000
Hi alex, withdraw success.
1 �鿴�û���Ϣ
2 ȡ��
3 ����
4 ת��
5 ����
6 �鿴���ﳵ
7 �鿴�ʵ���Ϣ
8 �û��˳���¼
����Ҫ����������:1
alex
+--------+----------------+--------+----------+------------+
| �û�ID | �û����Ƿ���� | �û��� | �û���� | �û���¼̬ |
+--------+----------------+--------+----------+------------+
| 1      | True           |  alex  | 45000.0  |    True    |
+--------+----------------+--------+----------+------------+
1 �鿴�û���Ϣ
2 ȡ��
3 ����
4 ת��
5 ����
6 �鿴���ﳵ
7 �鿴�ʵ���Ϣ
8 �û��˳���¼
����Ҫ����������:3
Please input you want to repayment: 2000
Hi alex, repayment success.
1 �鿴�û���Ϣ
2 ȡ��
3 ����
4 ת��
5 ����
6 �鿴���ﳵ
7 �鿴�ʵ���Ϣ
8 �û��˳���¼
����Ҫ����������:1
alex
+--------+----------------+--------+----------+------------+
| �û�ID | �û����Ƿ���� | �û��� | �û���� | �û���¼̬ |
+--------+----------------+--------+----------+------------+
| 1      | True           |  alex  | 47000.0  |    True    |
+--------+----------------+--------+----------+------------+
1 �鿴�û���Ϣ
2 ȡ��
3 ����
4 ת��
5 ����
6 �鿴���ﳵ
7 �鿴�ʵ���Ϣ
8 �û��˳���¼
����Ҫ����������:4
Who do you want to transfer to? alex2
How much money, you want to transfer: 7000
sucess
1 �鿴�û���Ϣ
2 ȡ��
3 ����
4 ת��
5 ����
6 �鿴���ﳵ
7 �鿴�ʵ���Ϣ
8 �û��˳���¼
����Ҫ����������:1
alex
+--------+----------------+--------+----------+------------+
| �û�ID | �û����Ƿ���� | �û��� | �û���� | �û���¼̬ |
+--------+----------------+--------+----------+------------+
| 1      | True           |  alex  | 40000.0  |    True    |
+--------+----------------+--------+----------+------------+
1 �鿴�û���Ϣ
2 ȡ��
3 ����
4 ת��
5 ����
6 �鿴���ﳵ
7 �鿴�ʵ���Ϣ
8 �û��˳���¼
����Ҫ����������:5
Hello alex, you can buy these products:
+-----------+-------------+--------------+--------------------------+
| productID | productName | productPrice | product_remaining_amount |
+-----------+-------------+--------------+--------------------------+
| 1         | coco        | 4.5          | 100                      |
| 2         | iPhone      | 3000.0       | 100                      |
| 3         | Pen         | 35.0         | 100                      |
+-----------+-------------+--------------+--------------------------+
Please input B/b(����) or E/e(�˳�): b
Please input you want to buy productID: 1
Please input you want to buy productNumber(���ٸ�/̨/����): 10
Please input B/b(����) or E/e(�˳�): b
Please input you want to buy productID: 2
Please input you want to buy productNumber(���ٸ�/̨/����): 2
Please input B/b(����) or E/e(�˳�): e
6045.0
1 �鿴�û���Ϣ
2 ȡ��
3 ����
4 ת��
5 ����
6 �鿴���ﳵ
7 �鿴�ʵ���Ϣ
8 �û��˳���¼
����Ҫ����������:1
alex
+--------+----------------+--------+----------+------------+
| �û�ID | �û����Ƿ���� | �û��� | �û���� | �û���¼̬ |
+--------+----------------+--------+----------+------------+
| 1      | True           |  alex  | 33955.0  |    True    |
+--------+----------------+--------+----------+------------+
1 �鿴�û���Ϣ
2 ȡ��
3 ����
4 ת��
5 ����
6 �鿴���ﳵ
7 �鿴�ʵ���Ϣ
8 �û��˳���¼
����Ҫ����������:6
alex
+--------+-------------+--------------+----------------+
| userID | productName | productPrice | shoppingNumber |
+--------+-------------+--------------+----------------+
| 1      | 1           | coco         | 4.5            |
| 1      | 2           | iPhone       | 3000.0         |
+--------+-------------+--------------+----------------+
1 �鿴�û���Ϣ
2 ȡ��
3 ����
4 ת��
5 ����
6 �鿴���ﳵ
7 �鿴�ʵ���Ϣ
8 �û��˳���¼
����Ҫ����������:7
alex
+--------+---------------------+-------------+-------------+---------+
| UserID | Time                | BillType    | moneyofBill | Balance |
+--------+---------------------+-------------+-------------+---------+
| 1      | 2017-04-18 23:46:23 | withDrawals | 5000.0      | 45000.0 |
| 1      | 2017-04-18 23:46:44 | repayMent   | 2000.0      | 47000.0 |
| 1      | 2017-04-18 23:47:11 | withDrawals | 7000.0      | 40000.0 |
| 1      | 2017-04-18 23:47:57 | shopping    | 45.0        | 39955.0 |
| 1      | 2017-04-18 23:48:04 | shopping    | 6000.0      | 33955.0 |
+--------+---------------------+-------------+-------------+---------+
1 �鿴�û���Ϣ
2 ȡ��
3 ����
4 ת��
5 ����
6 �鿴���ﳵ
7 �鿴�ʵ���Ϣ
8 �û��˳���¼
����Ҫ����������:1
alex
+--------+----------------+--------+----------+------------+
| �û�ID | �û����Ƿ���� | �û��� | �û���� | �û���¼̬ |
+--------+----------------+--------+----------+------------+
| 1      | True           |  alex  | 33955.0  |    True    |
+--------+----------------+--------+----------+------------+
1 �鿴�û���Ϣ
2 ȡ��
3 ����
4 ת��
5 ����
6 �鿴���ﳵ
7 �鿴�ʵ���Ϣ
8 �û��˳���¼
����Ҫ����������:8
Bye Bye

Process finished with exit code 1

���������ݿ�����鿴���ģ�
1. �û���Ϣ���У�ת�ʸ�alex2�û��ǳɹ���
mysql> select * from account_info ;
+----+-----------+-----------+---------------+---------+--------------+
| id | user_lock | user_name | user_password | balance | login_status |
+----+-----------+-----------+---------------+---------+--------------+
|  1 | True      | alex      | alex123       |   33955 | False        |
|  2 | False     | alex2     | alex1123      |   57000 | False        |
+----+-----------+-----------+---------------+---------+--------------+
2 rows in set (0.05 sec)

2. �û������Ʒ�󣬲�Ʒ������Ӧ�ļ�����
mysql> select * from product_info ;
+----+--------------+---------------+--------------------------+
| id | product_name | product_price | product_remaining_amount |
+----+--------------+---------------+--------------------------+
|  1 | coco         |           4.5 |                       90 |
|  2 | iPhone       |          3000 |                       98 |
|  3 | Pen          |            35 |                      100 |
+----+--------------+---------------+--------------------------+
3 rows in set (0.05 sec)

mysql>